{
  "version": 1,
  "author": "adiya nanta",
  "editor": "wokwi",
  "parts": [
    { "type": "board-esp32-devkit-c-v4", "id": "esp", "top": 0, "left": 0, "attrs": {} },
    {
      "type": "wokwi-led",
      "id": "led1",
      "top": 44.4,
      "left": 282.2,
      "attrs": { "color": "limegreen" }
    },
    {
      "type": "wokwi-led",
      "id": "led2",
      "top": 44.4,
      "left": 234.2,
      "attrs": { "color": "yellow" }
    },
    { "type": "wokwi-led", "id": "led3", "top": 44.4, "left": 186.2, "attrs": { "color": "red" } },
    {
      "type": "wokwi-resistor",
      "id": "r1",
      "top": 139.2,
      "left": 277.85,
      "rotate": 90,
      "attrs": { "value": "1000" }
    },
    {
      "type": "wokwi-resistor",
      "id": "r2",
      "top": 139.2,
      "left": 229.85,
      "rotate": 90,
      "attrs": { "value": "1000" }
    },
    {
      "type": "wokwi-resistor",
      "id": "r3",
      "top": 139.2,
      "left": 181.85,
      "rotate": 90,
      "attrs": { "value": "1000" }
    },
    {
      "type": "wokwi-pushbutton",
      "id": "btn1",
      "top": 6.2,
      "left": -124.8,
      "attrs": { "color": "red", "xray": "1" }
    },
    {
      "type": "wokwi-pushbutton",
      "id": "btn2",
      "top": 63.8,
      "left": -124.8,
      "attrs": { "color": "yellow", "xray": "1" }
    },
    {
      "type": "wokwi-pushbutton",
      "id": "btn3",
      "top": 121.4,
      "left": -124.8,
      "attrs": { "color": "green", "xray": "1" }
    },
    {
      "type": "wokwi-resistor",
      "id": "r4",
      "top": -15.25,
      "left": -57.6,
      "attrs": { "value": "1000" }
    }
  ],
  "connections": [
    [ "esp:TX", "$serialMonitor:RX", "", [] ],
    [ "esp:RX", "$serialMonitor:TX", "", [] ],
    [ "r3:2", "esp:23", "red", [ "h-57.6", "v-78" ] ],
    [ "led3:A", "r3:1", "red", [ "v0" ] ],
    [ "led3:C", "esp:GND.2", "black", [ "h-18.8", "v-57.6" ] ],
    [ "led2:C", "esp:GND.2", "black", [ "h-18.8", "v-57.6" ] ],
    [ "led1:C", "esp:GND.2", "black", [ "h-18.8", "v-57.6" ] ],
    [ "led2:A", "r2:1", "green", [ "v0" ] ],
    [ "r2:2", "esp:22", "yellow", [ "v9.25", "h-125.35", "v-134.4" ] ],
    [ "led1:A", "r1:1", "green", [ "v0" ] ],
    [ "r1:2", "esp:21", "limegreen", [ "v18", "h-182.4", "v-115.2" ] ],
    [ "btn2:1.r", "esp:35", "green", [ "v0" ] ],
    [ "btn3:1.r", "esp:32", "green", [ "h19.4", "v-57.6" ] ],
    [ "btn3:2.r", "esp:GND.1", "green", [ "v0.2", "h62.41" ] ],
    [ "btn1:2.r", "esp:GND.1", "black", [ "v19.4", "h-95.8", "v115.2", "h96", "v-19.2" ] ],
    [ "btn2:2.r", "esp:GND.1", "black", [ "v19.4", "h-95.8", "v57.6", "h96", "v-19.2" ] ],
    [ "btn1:1.r", "esp:34", "green", [ "h9.8", "v48" ] ],
    [ "r4:2", "esp:3V3", "green", [ "v0" ] ],
    [ "r4:1", "esp:34", "green", [ "v9.6", "h9.6", "v67.2" ] ]
  ],
  "dependencies": {}
}